{
  "Component-preload.js": 1708316477823,
  "Component.js": 1708021796388,
  "ext/controller/HandlerNext.js": 1708066531931,
  "ext/controller/HandlerFooter.js": 1708081351208,
  "ext/controller/Handler1.js": 1708155024005,
  "ext/controller/Ctrl.controller.js": 1708081202424,
  "manifest.json": 1708316477553,
  "i18n/i18n.properties": 1708021796392,
  "ext/controller/HandlerNext-dbg.js": 1708066531931,
  "ext/controller/HandlerFooter-dbg.js": 1708081351208,
  "ext/controller/Handler1-dbg.js": 1708155024005,
  "ext/controller/Ctrl-dbg.controller.js": 1708081202424,
  "Component-dbg.js": 1708021796388,
  "index.html": 1708021796388
}